value,function_name
1,resnet50-inference
1,resnet50-inference-downtown
1,resnet50-inference-suburb
1,resnet50-inference-industrial
1,resnet50-inference-residential
1,resnet50-inference-commercial
1,resnet50-inference-airport
1,resnet50-inference-port
1,speech-inference
1,speech-inference-downtown
1,speech-inference-suburb
1,speech-inference-industrial
1,speech-inference-residential
1,speech-inference-commercial
1,resnet50-preprocessing
1,resnet50-preprocessing-downtown
1,resnet50-preprocessing-suburb
1,resnet50-preprocessing-industrial
1,resnet50-preprocessing-residential
1,resnet50-preprocessing-commercial
1,resnet50-preprocessing-airport
1,resnet50-preprocessing-port
1,resnet50-inference
1,resnet50-inference-downtown
1,resnet50-inference-suburb
1,resnet50-inference-industrial
1,resnet50-inference-residential
1,resnet50-inference-commercial
1,resnet50-inference-airport
1,resnet50-inference-port
1,speech-inference
1,speech-inference-downtown
1,speech-inference-suburb
1,speech-inference-industrial
1,speech-inference-residential
1,speech-inference-commercial
1,resnet50-inference
1,resnet50-inference-downtown
1,resnet50-inference-suburb
1,resnet50-inference-industrial
1,resnet50-inference-residential
1,resnet50-inference-commercial
1,resnet50-inference-airport
1,resnet50-inference-port
1,speech-inference
1,speech-inference-downtown
1,speech-inference-suburb
1,speech-inference-industrial
1,speech-inference-residential
1,speech-inference-commercial
1,resnet50-inference
1,resnet50-inference-downtown
1,resnet50-inference-suburb
1,resnet50-inference-industrial
1,resnet50-inference-residential
1,resnet50-inference-commercial
1,resnet50-inference-airport
1,resnet50-inference-port
1,speech-inference
1,speech-inference-downtown
1,speech-inference-suburb
1,speech-inference-industrial
1,speech-inference-residential
1,speech-inference-commercial
1,resnet50-inference
1,resnet50-inference-downtown
1,resnet50-inference-suburb
1,resnet50-inference-industrial
1,resnet50-inference-residential
1,resnet50-inference-commercial
1,resnet50-inference-airport
1,resnet50-inference-port
1,speech-inference
1,speech-inference-downtown
1,speech-inference-suburb
1,speech-inference-industrial
1,speech-inference-residential
1,speech-inference-commercial
1,resnet50-inference
1,resnet50-inference-downtown
1,resnet50-inference-suburb
1,resnet50-inference-industrial
1,resnet50-inference-residential
1,resnet50-inference-commercial
1,resnet50-inference-airport
1,resnet50-inference-port
1,speech-inference
1,speech-inference-downtown
1,speech-inference-suburb
1,speech-inference-industrial
1,speech-inference-residential
1,speech-inference-commercial
1,resnet50-inference
1,resnet50-inference-downtown
1,resnet50-inference-suburb
1,resnet50-inference-industrial
1,resnet50-inference-residential
1,resnet50-inference-commercial
1,resnet50-inference-airport
1,resnet50-inference-port
1,speech-inference
1,speech-inference-downtown
1,speech-inference-suburb
1,speech-inference-industrial
1,speech-inference-residential
1,speech-inference-commercial
1,resnet50-inference
1,resnet50-inference-downtown
1,resnet50-inference-suburb
1,resnet50-inference-industrial
1,resnet50-inference-residential
1,resnet50-inference-commercial
1,resnet50-inference-airport
1,resnet50-inference-port
1,speech-inference
1,speech-inference-downtown
1,speech-inference-suburb
1,speech-inference-industrial
1,speech-inference-residential
1,speech-inference-commercial
1,resnet50-inference
1,resnet50-inference-downtown
1,resnet50-inference-suburb
1,resnet50-inference-industrial
1,resnet50-inference-residential
1,resnet50-inference-commercial
1,resnet50-inference-airport
1,resnet50-inference-port
1,speech-inference
1,speech-inference-downtown
1,speech-inference-suburb
1,speech-inference-industrial
1,speech-inference-residential
1,speech-inference-commercial
1,resnet50-inference
1,resnet50-inference-downtown
1,resnet50-inference-suburb
1,resnet50-inference-industrial
1,resnet50-inference-residential
1,resnet50-inference-commercial
1,resnet50-inference-airport
1,resnet50-inference-port
1,speech-inference
1,speech-inference-downtown
1,speech-inference-suburb
1,speech-inference-industrial
1,speech-inference-residential
1,speech-inference-commercial
1,resnet50-inference
1,resnet50-inference-downtown
1,resnet50-inference-suburb
1,resnet50-inference-industrial
1,resnet50-inference-residential
1,resnet50-inference-commercial
1,resnet50-inference-airport
1,resnet50-inference-port
1,speech-inference
1,speech-inference-downtown
1,speech-inference-suburb
1,speech-inference-industrial
1,speech-inference-residential
1,speech-inference-commercial
1,resnet50-inference
1,resnet50-inference-downtown
1,resnet50-inference-suburb
1,resnet50-inference-industrial
1,resnet50-inference-residential
1,resnet50-inference-commercial
1,resnet50-inference-airport
1,resnet50-inference-port
1,speech-inference
1,speech-inference-downtown
1,speech-inference-suburb
1,speech-inference-industrial
1,speech-inference-residential
1,speech-inference-commercial
1,resnet50-inference
1,resnet50-inference-downtown
1,resnet50-inference-suburb
1,resnet50-inference-industrial
1,resnet50-inference-residential
1,resnet50-inference-commercial
1,resnet50-inference-airport
1,resnet50-inference-port
1,speech-inference
1,speech-inference-downtown
1,speech-inference-suburb
1,speech-inference-industrial
1,speech-inference-residential
1,speech-inference-commercial
1,resnet50-inference
1,resnet50-inference-downtown
1,resnet50-inference-suburb
1,resnet50-inference-industrial
1,resnet50-inference-residential
1,resnet50-inference-commercial
1,resnet50-inference-airport
1,resnet50-inference-port
1,speech-inference
1,speech-inference-downtown
1,speech-inference-suburb
1,speech-inference-industrial
1,speech-inference-residential
1,speech-inference-commercial
1,resnet50-inference
1,resnet50-inference-downtown
1,resnet50-inference-suburb
1,resnet50-inference-industrial
1,resnet50-inference-residential
1,resnet50-inference-commercial
1,resnet50-inference-airport
1,resnet50-inference-port
1,speech-inference
1,speech-inference-downtown
1,speech-inference-suburb
1,speech-inference-industrial
1,speech-inference-residential
1,speech-inference-commercial
1,resnet50-inference
1,resnet50-inference-downtown
1,resnet50-inference-suburb
1,resnet50-inference-industrial
1,resnet50-inference-residential
1,resnet50-inference-commercial
1,resnet50-inference-airport
1,resnet50-inference-port
1,speech-inference
1,speech-inference-downtown
1,speech-inference-suburb
1,speech-inference-industrial
1,speech-inference-residential
1,speech-inference-commercial
1,resnet50-inference
1,resnet50-inference-downtown
1,resnet50-inference-suburb
1,resnet50-inference-industrial
1,resnet50-inference-residential
1,resnet50-inference-commercial
1,resnet50-inference-airport
1,resnet50-inference-port
1,speech-inference
1,speech-inference-downtown
1,speech-inference-suburb
1,speech-inference-industrial
1,speech-inference-residential
1,speech-inference-commercial
1,resnet50-inference
1,resnet50-inference-downtown
1,resnet50-inference-suburb
1,resnet50-inference-industrial
1,resnet50-inference-residential
1,resnet50-inference-commercial
1,resnet50-inference-airport
1,resnet50-inference-port
1,speech-inference
1,speech-inference-downtown
1,speech-inference-suburb
1,speech-inference-industrial
1,speech-inference-residential
1,speech-inference-commercial
1,resnet50-inference
1,resnet50-inference-downtown
1,resnet50-inference-suburb
1,resnet50-inference-industrial
1,resnet50-inference-residential
1,resnet50-inference-commercial
1,resnet50-inference-airport
1,resnet50-inference-port
1,speech-inference
1,speech-inference-downtown
1,speech-inference-suburb
1,speech-inference-industrial
1,speech-inference-residential
1,speech-inference-commercial
1,resnet50-inference
1,resnet50-inference-downtown
1,resnet50-inference-suburb
1,resnet50-inference-industrial
1,resnet50-inference-residential
1,resnet50-inference-commercial
1,resnet50-inference-airport
1,resnet50-inference-port
1,speech-inference
1,speech-inference-downtown
1,speech-inference-suburb
1,speech-inference-industrial
1,speech-inference-residential
1,speech-inference-commercial
